path,filePattern,excludeFilePattern,width,height,zoomLevels,displayLayerSwitcher,displayPanZoomBar,forceZoomLevel
views\,*.xml,"SCADAgen_POW_ALLOVRHV__.xml,C1166B_LAY*.xml",1596,815,1 1.2 1.44 1.728 2.0736 2.48832 2.985984 3.5831808 4.29981696 5.159780352,FALSE,FALSE,TRUE
views\,SCADAgen_POW_ALLOVRHV__.xml,,1596,815,"1 1.2 1.44 1.728 2.0736 2.48832 2.985984 3.5831808 4.29981696 5.159780352 6.1917364224 7.43008370688 8.916100448256 10.6993205379072 12.8391846454886 15.4070215745864 18.4884258895036 22.1861110674044 26.6233332808852 31.9479999370623
",FALSE,FALSE,TRUE
views\,SCADAgen_LAY*.xml,,1596,815,1 1.2 1.44 1.728 2.0736 2.48832 2.985984 3.5831808 4.29981696 5.159780352,TRUE,FALSE,TRUE
